chr_r1,start_r1,end_r1,name_r1,chr_r2,start_r2,end_r2,name_r2,label
chr1,31180538,31181538,chr1:31180640..31181156,chr11,66049636,66050636,chr11:66049646..66050541,1
chr1,31182538,31183538,chr1:31182538..31183538,chr11,66051636,66052636,chr11:66051636..66052636,0
chr1,31178538,31179538,chr1:31178538..31179538,chr11,66047636,66048636,chr11:66047636..66048636,0
chr1,31180538,31181538,chr1:31180538..31181538,chr11,66051636,66052636,chr11:66051636..66052636,0
chr1,31178538,31179538,chr1:31178538..31179538,chr11,66049636,66050636,chr11:66049636..66050636,0
chr1,212955478,212956478,chr1:212955493..212956202,chr11,62160430,62161430,chr11:62160505..62161088,1
chr1,212957478,212958478,chr1:212957478..212958478,chr11,62162430,62163430,chr11:62162430..62163430,0
chr1,212953478,212954478,chr1:212953478..212954478,chr11,62158430,62159430,chr11:62158430..62159430,0
chr1,212955478,212956478,chr1:212955478..212956478,chr11,62162430,62163430,chr11:62162430..62163430,0
chr1,212953478,212954478,chr1:212953478..212954478,chr11,62160430,62161430,chr11:62160430..62161430,0
chr1,47993051,47994051,chr1:47993390..47994275,chr12,118813578,118814578,chr12:118813639..118814534,1
chr1,47995051,47996051,chr1:47995051..47996051,chr12,118815578,118816578,chr12:118815578..118816578,0
chr1,47991051,47992051,chr1:47991051..47992051,chr12,118811578,118812578,chr12:118811578..118812578,0
chr1,47993051,47994051,chr1:47993051..47994051,chr12,118815578,118816578,chr12:118815578..118816578,0
chr1,47991051,47992051,chr1:47991051..47992051,chr12,118813578,118814578,chr12:118813578..118814578,0
chr1,91852464,91853464,chr1:91852387..91853335,chr12,127650343,127651343,chr12:127650524..127651402,1
chr1,91854464,91855464,chr1:91854464..91855464,chr12,127652343,127653343,chr12:127652343..127653343,0
chr1,91850464,91851464,chr1:91850464..91851464,chr12,127648343,127649343,chr12:127648343..127649343,0
chr1,91852464,91853464,chr1:91852464..91853464,chr12,127652343,127653343,chr12:127652343..127653343,0
chr1,91850464,91851464,chr1:91850464..91851464,chr12,127650343,127651343,chr12:127650343..127651343,0
chr1,38325137,38326137,chr1:38325330..38325945,chr15,67238719,67239719,chr15:67238737..67239636,1
chr1,38327137,38328137,chr1:38327137..38328137,chr15,67240719,67241719,chr15:67240719..67241719,0
chr1,38323137,38324137,chr1:38323137..38324137,chr15,67236719,67237719,chr15:67236719..67237719,0
chr1,38325137,38326137,chr1:38325137..38326137,chr15,67240719,67241719,chr15:67240719..67241719,0
chr1,38323137,38324137,chr1:38323137..38324137,chr15,67238719,67239719,chr15:67238719..67239719,0
chr1,12399095,12400095,chr1:12399202..12400121,chr16,30198187,30199187,chr16:30198326..30198844,1
chr1,12401095,12402095,chr1:12401095..12402095,chr16,30200187,30201187,chr16:30200187..30201187,0
chr1,12397095,12398095,chr1:12397095..12398095,chr16,30196187,30197187,chr16:30196187..30197187,0
chr1,12399095,12400095,chr1:12399095..12400095,chr16,30200187,30201187,chr16:30200187..30201187,0
chr1,12397095,12398095,chr1:12397095..12398095,chr16,30198187,30199187,chr16:30198187..30199187,0
chr1,147726832,147727832,chr1:147726828..147727804,chr16,71033379,71034379,chr16:71033356..71034286,1
chr1,147728832,147729832,chr1:147728832..147729832,chr16,71035379,71036379,chr16:71035379..71036379,0
chr1,147724832,147725832,chr1:147724832..147725832,chr16,71031379,71032379,chr16:71031379..71032379,0
chr1,147726832,147727832,chr1:147726832..147727832,chr16,71035379,71036379,chr16:71035379..71036379,0
chr1,147724832,147725832,chr1:147724832..147725832,chr16,71033379,71034379,chr16:71033379..71034379,0
chr1,91852265,91853265,chr1:91852368..91852921,chr17,31149159,31150159,chr17:31149253..31150211,1
chr1,91854265,91855265,chr1:91854265..91855265,chr17,31151159,31152159,chr17:31151159..31152159,0
chr1,91850265,91851265,chr1:91850265..91851265,chr17,31147159,31148159,chr17:31147159..31148159,0
chr1,91852265,91853265,chr1:91852265..91853265,chr17,31151159,31152159,chr17:31151159..31152159,0
chr1,91850265,91851265,chr1:91850265..91851265,chr17,31149159,31150159,chr17:31149159..31150159,0
chr1,156185942,156186942,chr1:156185787..156186993,chr17,31149245,31150245,chr17:31149433..31150362,1
chr1,156187942,156188942,chr1:156187942..156188942,chr17,31151245,31152245,chr17:31151245..31152245,0
chr1,156183942,156184942,chr1:156183942..156184942,chr17,31147245,31148245,chr17:31147245..31148245,0
chr1,156185942,156186942,chr1:156185942..156186942,chr17,31151245,31152245,chr17:31151245..31152245,0
chr1,156183942,156184942,chr1:156183942..156184942,chr17,31149245,31150245,chr17:31149245..31150245,0
chr1,22534441,22535441,chr1:22534475..22535439,chr19,7418847,7419847,chr19:7418925..7419467,1
chr1,22536441,22537441,chr1:22536441..22537441,chr19,7420847,7421847,chr19:7420847..7421847,0
chr1,22532441,22533441,chr1:22532441..22533441,chr19,7416847,7417847,chr19:7416847..7417847,0
chr1,22534441,22535441,chr1:22534441..22535441,chr19,7420847,7421847,chr19:7420847..7421847,0
chr1,22532441,22533441,chr1:22532441..22533441,chr19,7418847,7419847,chr19:7418847..7419847,0
chr1,144534937,144535937,chr1:144535146..144535890,chr2,5765471,5766471,chr2:5765818..5766338,1
chr1,144536937,144537937,chr1:144536937..144537937,chr2,5767471,5768471,chr2:5767471..5768471,0
chr1,144532937,144533937,chr1:144532937..144533937,chr2,5763471,5764471,chr2:5763471..5764471,0
chr1,144534937,144535937,chr1:144534937..144535937,chr2,5767471,5768471,chr2:5767471..5768471,0
chr1,144532937,144533937,chr1:144532937..144533937,chr2,5765471,5766471,chr2:5765471..5766471,0
chr1,156186068,156187068,chr1:156186313..156187076,chr2,133014831,133015831,chr2:133014713..133015729,1
chr1,156188068,156189068,chr1:156188068..156189068,chr2,133016831,133017831,chr2:133016831..133017831,0
chr1,156184068,156185068,chr1:156184068..156185068,chr2,133012831,133013831,chr2:133012831..133013831,0
chr1,156186068,156187068,chr1:156186068..156187068,chr2,133016831,133017831,chr2:133016831..133017831,0
chr1,156184068,156185068,chr1:156184068..156185068,chr2,133014831,133015831,chr2:133014831..133015831,0
chr1,221915548,221916548,chr1:221915688..221916409,chr2,62650004,62651004,chr2:62650123..62650945,1
chr1,221917548,221918548,chr1:221917548..221918548,chr2,62652004,62653004,chr2:62652004..62653004,0
chr1,221913548,221914548,chr1:221913548..221914548,chr2,62648004,62649004,chr2:62648004..62649004,0
chr1,221915548,221916548,chr1:221915548..221916548,chr2,62652004,62653004,chr2:62652004..62653004,0
chr1,221913548,221914548,chr1:221913548..221914548,chr2,62650004,62651004,chr2:62650004..62651004,0
chr1,156185942,156186942,chr1:156185939..156187111,chr20,26189555,26190555,chr20:26189443..26190983,1
chr1,156187942,156188942,chr1:156187942..156188942,chr20,26191555,26192555,chr20:26191555..26192555,0
chr1,156183942,156184942,chr1:156183942..156184942,chr20,26187555,26188555,chr20:26187555..26188555,0
chr1,156185942,156186942,chr1:156185942..156186942,chr20,26191555,26192555,chr20:26191555..26192555,0
chr1,156183942,156184942,chr1:156183942..156184942,chr20,26189555,26190555,chr20:26189555..26190555,0
chr1,204471974,204472974,chr1:204472017..204472961,chr20,47950291,47951291,chr20:47950638..47951153,1
chr1,204473974,204474974,chr1:204473974..204474974,chr20,47952291,47953291,chr20:47952291..47953291,0
chr1,204469974,204470974,chr1:204469974..204470974,chr20,47948291,47949291,chr20:47948291..47949291,0
chr1,204471974,204472974,chr1:204471974..204472974,chr20,47952291,47953291,chr20:47952291..47953291,0
chr1,204469974,204470974,chr1:204469974..204470974,chr20,47950291,47951291,chr20:47950291..47951291,0
chr1,17987799,17988799,chr1:17988123..17988668,chr21,36094699,36095699,chr21:36095025..36095642,1
chr1,17989799,17990799,chr1:17989799..17990799,chr21,36096699,36097699,chr21:36096699..36097699,0
chr1,17985799,17986799,chr1:17985799..17986799,chr21,36092699,36093699,chr21:36092699..36093699,0
chr1,17987799,17988799,chr1:17987799..17988799,chr21,36096699,36097699,chr21:36096699..36097699,0
chr1,17985799,17986799,chr1:17985799..17986799,chr21,36094699,36095699,chr21:36094699..36095699,0
chr1,91852464,91853464,chr1:91852396..91853586,chr21,9825669,9826669,chr21:9825563..9826775,1
chr1,91854464,91855464,chr1:91854464..91855464,chr21,9827669,9828669,chr21:9827669..9828669,0
chr1,91850464,91851464,chr1:91850464..91851464,chr21,9823669,9824669,chr21:9823669..9824669,0
chr1,91852464,91853464,chr1:91852464..91853464,chr21,9827669,9828669,chr21:9827669..9828669,0
chr1,91850464,91851464,chr1:91850464..91851464,chr21,9825669,9826669,chr21:9825669..9826669,0
chr1,91852291,91853291,chr1:91852458..91852973,chr21,9826651,9827651,chr21:9826790..9827512,1
chr1,91854291,91855291,chr1:91854291..91855291,chr21,9828651,9829651,chr21:9828651..9829651,0
chr1,91850291,91851291,chr1:91850291..91851291,chr21,9824651,9825651,chr21:9824651..9825651,0
chr1,91852291,91853291,chr1:91852291..91853291,chr21,9828651,9829651,chr21:9828651..9829651,0
chr1,91850291,91851291,chr1:91850291..91851291,chr21,9826651,9827651,chr21:9826651..9827651,0
chr1,156185942,156186942,chr1:156185739..156187054,chr21,9826023,9827023,chr21:9825106..9827915,1
chr1,156187942,156188942,chr1:156187942..156188942,chr21,9828023,9829023,chr21:9828023..9829023,0
chr1,156183942,156184942,chr1:156183942..156184942,chr21,9824023,9825023,chr21:9824023..9825023,0
chr1,156185942,156186942,chr1:156185942..156186942,chr21,9828023,9829023,chr21:9828023..9829023,0
chr1,156183942,156184942,chr1:156183942..156184942,chr21,9826023,9827023,chr21:9826023..9827023,0
chr1,31254930,31255930,chr1:31255193..31255816,chr22,23130356,23131356,chr22:23130381..23131340,1
chr1,31256930,31257930,chr1:31256930..31257930,chr22,23132356,23133356,chr22:23132356..23133356,0
chr1,31252930,31253930,chr1:31252930..31253930,chr22,23128356,23129356,chr22:23128356..23129356,0
chr1,31254930,31255930,chr1:31254930..31255930,chr22,23132356,23133356,chr22:23132356..23133356,0
chr1,31252930,31253930,chr1:31252930..31253930,chr22,23130356,23131356,chr22:23130356..23131356,0
chr1,177150507,177151507,chr1:177150524..177151408,chr22,22306844,22307844,chr22:22306907..22307792,1
chr1,177152507,177153507,chr1:177152507..177153507,chr22,22308844,22309844,chr22:22308844..22309844,0
chr1,177148507,177149507,chr1:177148507..177149507,chr22,22304844,22305844,chr22:22304844..22305844,0
chr1,177150507,177151507,chr1:177150507..177151507,chr22,22308844,22309844,chr22:22308844..22309844,0
chr1,177148507,177149507,chr1:177148507..177149507,chr22,22306844,22307844,chr22:22306844..22307844,0
chr1,1284422,1285422,chr1:1284587..1285257,chr3,8810874,8811874,chr3:8811124..8811624,1
chr1,1286422,1287422,chr1:1286422..1287422,chr3,8812874,8813874,chr3:8812874..8813874,0
chr1,1282422,1283422,chr1:1282422..1283422,chr3,8808874,8809874,chr3:8808874..8809874,0
chr1,1284422,1285422,chr1:1284422..1285422,chr3,8812874,8813874,chr3:8812874..8813874,0
chr1,1282422,1283422,chr1:1282422..1283422,chr3,8810874,8811874,chr3:8810874..8811874,0
chr1,109102034,109103034,chr1:109101906..109102754,chr3,141844720,141845720,chr3:141844774..141845667,1
chr1,109104034,109105034,chr1:109104034..109105034,chr3,141846720,141847720,chr3:141846720..141847720,0
chr1,109100034,109101034,chr1:109100034..109101034,chr3,141842720,141843720,chr3:141842720..141843720,0
chr1,109102034,109103034,chr1:109102034..109103034,chr3,141846720,141847720,chr3:141846720..141847720,0
chr1,109100034,109101034,chr1:109100034..109101034,chr3,141844720,141845720,chr3:141844720..141845720,0
chr1,40071442,40072442,chr1:40071591..40072098,chr6,30640333,30641333,chr6:30640420..30640992,1
chr1,40073442,40074442,chr1:40073442..40074442,chr6,30642333,30643333,chr6:30642333..30643333,0
chr1,40069442,40070442,chr1:40069442..40070442,chr6,30638333,30639333,chr6:30638333..30639333,0
chr1,40071442,40072442,chr1:40071442..40072442,chr6,30642333,30643333,chr6:30642333..30643333,0
chr1,40069442,40070442,chr1:40069442..40070442,chr6,30640333,30641333,chr6:30640333..30641333,0
chr1,53651001,53652001,chr1:53651100..53651601,chr8,144925764,144926764,chr8:144925838..144926370,1
chr1,53653001,53654001,chr1:53653001..53654001,chr8,144927764,144928764,chr8:144927764..144928764,0
chr1,53649001,53650001,chr1:53649001..53650001,chr8,144923764,144924764,chr8:144923764..144924764,0
chr1,53651001,53652001,chr1:53651001..53652001,chr8,144927764,144928764,chr8:144927764..144928764,0
chr1,53649001,53650001,chr1:53649001..53650001,chr8,144925764,144926764,chr8:144925764..144926764,0
chr1,156185743,156186743,chr1:156185756..156186427,chr8,46940704,46941704,chr8:46940757..46941368,1
chr1,156187743,156188743,chr1:156187743..156188743,chr8,46942704,46943704,chr8:46942704..46943704,0
chr1,156183743,156184743,chr1:156183743..156184743,chr8,46938704,46939704,chr8:46938704..46939704,0
chr1,156185743,156186743,chr1:156185743..156186743,chr8,46942704,46943704,chr8:46942704..46943704,0
chr1,156183743,156184743,chr1:156183743..156184743,chr8,46940704,46941704,chr8:46940704..46941704,0
chr1,17765690,17766690,chr1:17765848..17766416,chr9,133557598,133558598,chr9:133557634..133558553,1
chr1,17767690,17768690,chr1:17767690..17768690,chr9,133559598,133560598,chr9:133559598..133560598,0
chr1,17763690,17764690,chr1:17763690..17764690,chr9,133555598,133556598,chr9:133555598..133556598,0
chr1,17765690,17766690,chr1:17765690..17766690,chr9,133559598,133560598,chr9:133559598..133560598,0
chr1,17763690,17764690,chr1:17763690..17764690,chr9,133557598,133558598,chr9:133557598..133558598,0
chr1,40609420,40610420,chr1:40609767..40610518,chr9,129467348,129468348,chr9:129467684..129468675,1
chr1,40611420,40612420,chr1:40611420..40612420,chr9,129469348,129470348,chr9:129469348..129470348,0
chr1,40607420,40608420,chr1:40607420..40608420,chr9,129465348,129466348,chr9:129465348..129466348,0
chr1,40609420,40610420,chr1:40609420..40610420,chr9,129469348,129470348,chr9:129469348..129470348,0
chr1,40607420,40608420,chr1:40607420..40608420,chr9,129467348,129468348,chr9:129467348..129468348,0
chr1,91852295,91853295,chr1:91852393..91852981,chr9,79186096,79187096,chr9:79186201..79186708,1
chr1,91854295,91855295,chr1:91854295..91855295,chr9,79188096,79189096,chr9:79188096..79189096,0
chr1,91850295,91851295,chr1:91850295..91851295,chr9,79184096,79185096,chr9:79184096..79185096,0
chr1,91852295,91853295,chr1:91852295..91853295,chr9,79188096,79189096,chr9:79188096..79189096,0
chr1,91850295,91851295,chr1:91850295..91851295,chr9,79186096,79187096,chr9:79186096..79187096,0
chr1,160650885,160651885,chr1:160651034..160651578,chr9,115581769,115582769,chr9:115581816..115582408,1
chr1,160652885,160653885,chr1:160652885..160653885,chr9,115583769,115584769,chr9:115583769..115584769,0
chr1,160648885,160649885,chr1:160648885..160649885,chr9,115579769,115580769,chr9:115579769..115580769,0
chr1,160650885,160651885,chr1:160650885..160651885,chr9,115583769,115584769,chr9:115583769..115584769,0
chr1,160648885,160649885,chr1:160648885..160649885,chr9,115581769,115582769,chr9:115581769..115582769,0
chr1,91852464,91853464,chr1:91852605..91853609,chrX,108297369,108298369,chrX:108297731..108298318,1
chr1,91854464,91855464,chr1:91854464..91855464,chrX,108299369,108300369,chrX:108299369..108300369,0
chr1,91850464,91851464,chr1:91850464..91851464,chrX,108295369,108296369,chrX:108295369..108296369,0
chr1,91852464,91853464,chr1:91852464..91853464,chrX,108299369,108300369,chrX:108299369..108300369,0
chr1,91850464,91851464,chr1:91850464..91851464,chrX,108297369,108298369,chrX:108297369..108298369,0
chr10,81227273,81228273,chr10:81227345..81228202,chr16,67554975,67555975,chr16:67555151..67555937,1
chr10,81229273,81230273,chr10:81229273..81230273,chr16,67556975,67557975,chr16:67556975..67557975,0
chr10,81225273,81226273,chr10:81225273..81226273,chr16,67552975,67553975,chr16:67552975..67553975,0
chr10,81227273,81228273,chr10:81227273..81228273,chr16,67556975,67557975,chr16:67556975..67557975,0
chr10,81225273,81226273,chr10:81225273..81226273,chr16,67554975,67555975,chr16:67554975..67555975,0
chr10,11799517,11800517,chr10:11799709..11800460,chrX,77279726,77280726,chrX:77279944..77280508,1
chr10,11801517,11802517,chr10:11801517..11802517,chrX,77281726,77282726,chrX:77281726..77282726,0
chr10,11797517,11798517,chr10:11797517..11798517,chrX,77277726,77278726,chrX:77277726..77278726,0
chr10,11799517,11800517,chr10:11799517..11800517,chrX,77281726,77282726,chrX:77281726..77282726,0
chr10,11797517,11798517,chr10:11797517..11798517,chrX,77279726,77280726,chrX:77279726..77280726,0
chr11,189630,190630,chr11:189786..190532,chr17,158825,159825,chr17:158942..159695,1
chr11,191630,192630,chr11:191630..192630,chr17,160825,161825,chr17:160825..161825,0
chr11,187630,188630,chr11:187630..188630,chr17,156825,157825,chr17:156825..157825,0
chr11,189630,190630,chr11:189630..190630,chr17,160825,161825,chr17:160825..161825,0
chr11,187630,188630,chr11:187630..188630,chr17,158825,159825,chr17:158825..159825,0
chr11,62608775,62609775,chr11:62609151..62609702,chr17,41465188,41466188,chr17:41465206..41465862,1
chr11,62610775,62611775,chr11:62610775..62611775,chr17,41467188,41468188,chr17:41467188..41468188,0
chr11,62606775,62607775,chr11:62606775..62607775,chr17,41463188,41464188,chr17:41463188..41464188,0
chr11,62608775,62609775,chr11:62608775..62609775,chr17,41467188,41468188,chr17:41467188..41468188,0
chr11,62606775,62607775,chr11:62606775..62607775,chr17,41465188,41466188,chr17:41465188..41466188,0
chr11,85194547,85195547,chr11:85194537..85195256,chr17,33477743,33478743,chr17:33477651..33478689,1
chr11,85196547,85197547,chr11:85196547..85197547,chr17,33479743,33480743,chr17:33479743..33480743,0
chr11,85192547,85193547,chr11:85192547..85193547,chr17,33475743,33476743,chr17:33475743..33476743,0
chr11,85194547,85195547,chr11:85194547..85195547,chr17,33479743,33480743,chr17:33479743..33480743,0
chr11,85192547,85193547,chr11:85192547..85193547,chr17,33477743,33478743,chr17:33477743..33478743,0
chr11,18136741,18137741,chr11:18136867..18137653,chr19,42748412,42749412,chr19:42748556..42749068,1
chr11,18138741,18139741,chr11:18138741..18139741,chr19,42750412,42751412,chr19:42750412..42751412,0
chr11,18134741,18135741,chr11:18134741..18135741,chr19,42746412,42747412,chr19:42746412..42747412,0
chr11,18136741,18137741,chr11:18136741..18137741,chr19,42750412,42751412,chr19:42750412..42751412,0
chr11,18134741,18135741,chr11:18134741..18135741,chr19,42748412,42749412,chr19:42748412..42749412,0
chr11,45847777,45848777,chr11:45847793..45848776,chr2,133011949,133012949,chr2:133011952..133012946,1
chr11,45849777,45850777,chr11:45849777..45850777,chr2,133013949,133014949,chr2:133013949..133014949,0
chr11,45845777,45846777,chr11:45845777..45846777,chr2,133009949,133010949,chr2:133009949..133010949,0
chr11,45847777,45848777,chr11:45847777..45848777,chr2,133013949,133014949,chr2:133013949..133014949,0
chr11,45845777,45846777,chr11:45845777..45846777,chr2,133011949,133012949,chr2:133011949..133012949,0
chr11,60940673,60941673,chr11:60940732..60941454,chr2,23574053,23575053,chr2:23574105..23575017,1
chr11,60942673,60943673,chr11:60942673..60943673,chr2,23576053,23577053,chr2:23576053..23577053,0
chr11,60938673,60939673,chr11:60938673..60939673,chr2,23572053,23573053,chr2:23572053..23573053,0
chr11,60940673,60941673,chr11:60940673..60941673,chr2,23576053,23577053,chr2:23576053..23577053,0
chr11,60938673,60939673,chr11:60938673..60939673,chr2,23574053,23575053,chr2:23574053..23575053,0
chr11,72044462,72045462,chr11:72044515..72045442,chr20,62611709,62612709,chr20:62611739..62612415,1
chr11,72046462,72047462,chr11:72046462..72047462,chr20,62613709,62614709,chr20:62613709..62614709,0
chr11,72042462,72043462,chr11:72042462..72043462,chr20,62609709,62610709,chr20:62609709..62610709,0
chr11,72044462,72045462,chr11:72044462..72045462,chr20,62613709,62614709,chr20:62613709..62614709,0
chr11,72042462,72043462,chr11:72042462..72043462,chr20,62611709,62612709,chr20:62611709..62612709,0
chr11,85194735,85195735,chr11:85195071..85195734,chr6,137143612,137144612,chr6:137143975..137144475,1
chr11,85196735,85197735,chr11:85196735..85197735,chr6,137145612,137146612,chr6:137145612..137146612,0
chr11,85192735,85193735,chr11:85192735..85193735,chr6,137141612,137142612,chr6:137141612..137142612,0
chr11,85194735,85195735,chr11:85194735..85195735,chr6,137145612,137146612,chr6:137145612..137146612,0
chr11,85192735,85193735,chr11:85192735..85193735,chr6,137143612,137144612,chr6:137143612..137144612,0
chr11,87001112,87002112,chr11:87001464..87002001,chr7,75943261,75944261,chr7:75943410..75944161,1
chr11,87003112,87004112,chr11:87003112..87004112,chr7,75945261,75946261,chr7:75945261..75946261,0
chr11,86999112,87000112,chr11:86999112..87000112,chr7,75941261,75942261,chr7:75941261..75942261,0
chr11,87001112,87002112,chr11:87001112..87002112,chr7,75945261,75946261,chr7:75945261..75946261,0
chr11,86999112,87000112,chr11:86999112..87000112,chr7,75943261,75944261,chr7:75943261..75944261,0
chr12,38536289,38537289,chr12:38536304..38537296,chr14,88237302,88238302,chr14:88237622..88238153,1
chr12,38538289,38539289,chr12:38538289..38539289,chr14,88239302,88240302,chr14:88239302..88240302,0
chr12,38534289,38535289,chr12:38534289..38535289,chr14,88235302,88236302,chr14:88235302..88236302,0
chr12,38536289,38537289,chr12:38536289..38537289,chr14,88239302,88240302,chr14:88239302..88240302,0
chr12,38534289,38535289,chr12:38534289..38535289,chr14,88237302,88238302,chr14:88237302..88238302,0
chr12,20703832,20704832,chr12:20703879..20704467,chr16,33963085,33964085,chr16:33963098..33964073,1
chr12,20705832,20706832,chr12:20705832..20706832,chr16,33965085,33966085,chr16:33965085..33966085,0
chr12,20701832,20702832,chr12:20701832..20702832,chr16,33961085,33962085,chr16:33961085..33962085,0
chr12,20703832,20704832,chr12:20703832..20704832,chr16,33965085,33966085,chr16:33965085..33966085,0
chr12,20701832,20702832,chr12:20701832..20702832,chr16,33963085,33964085,chr16:33963085..33964085,0
chr12,54610346,54611346,chr12:54610216..54610955,chr17,41856133,41857133,chr17:41856418..41856938,1
chr12,54612346,54613346,chr12:54612346..54613346,chr17,41858133,41859133,chr17:41858133..41859133,0
chr12,54608346,54609346,chr12:54608346..54609346,chr17,41854133,41855133,chr17:41854133..41855133,0
chr12,54610346,54611346,chr12:54610346..54611346,chr17,41858133,41859133,chr17:41858133..41859133,0
chr12,54608346,54609346,chr12:54608346..54609346,chr17,41856133,41857133,chr17:41856133..41857133,0
chr12,20703937,20704937,chr12:20703882..20704901,chr2,133012168,133013168,chr2:133012074..133013263,1
chr12,20705937,20706937,chr12:20705937..20706937,chr2,133014168,133015168,chr2:133014168..133015168,0
chr12,20701937,20702937,chr12:20701937..20702937,chr2,133010168,133011168,chr2:133010168..133011168,0
chr12,20703937,20704937,chr12:20703937..20704937,chr2,133014168,133015168,chr2:133014168..133015168,0
chr12,20701937,20702937,chr12:20701937..20702937,chr2,133012168,133013168,chr2:133012168..133013168,0
chr12,122249484,122250484,chr12:122249555..122250118,chr2,179261332,179262332,chr2:179261422..179262180,1
chr12,122251484,122252484,chr12:122251484..122252484,chr2,179263332,179264332,chr2:179263332..179264332,0
chr12,122247484,122248484,chr12:122247484..122248484,chr2,179259332,179260332,chr2:179259332..179260332,0
chr12,122249484,122250484,chr12:122249484..122250484,chr2,179263332,179264332,chr2:179263332..179264332,0
chr12,122247484,122248484,chr12:122247484..122248484,chr2,179261332,179262332,chr2:179261332..179262332,0
chr12,20703937,20704937,chr12:20703970..20704942,chr20,26189839,26190839,chr20:26190011..26190793,1
chr12,20705937,20706937,chr12:20705937..20706937,chr20,26191839,26192839,chr20:26191839..26192839,0
chr12,20701937,20702937,chr12:20701937..20702937,chr20,26187839,26188839,chr20:26187839..26188839,0
chr12,20703937,20704937,chr12:20703937..20704937,chr20,26191839,26192839,chr20:26191839..26192839,0
chr12,20701937,20702937,chr12:20701937..20702937,chr20,26189839,26190839,chr20:26189839..26190839,0
chr12,20703937,20704937,chr12:20703878..20704934,chr21,9826023,9827023,chr21:9825267..9827892,1
chr12,20705937,20706937,chr12:20705937..20706937,chr21,9828023,9829023,chr21:9828023..9829023,0
chr12,20701937,20702937,chr12:20701937..20702937,chr21,9824023,9825023,chr21:9824023..9825023,0
chr12,20703937,20704937,chr12:20703937..20704937,chr21,9828023,9829023,chr21:9828023..9829023,0
chr12,20701937,20702937,chr12:20701937..20702937,chr21,9826023,9827023,chr21:9826023..9827023,0
chr12,38543226,38544226,chr12:38543320..38543832,chr21,9825850,9826850,chr21:9825931..9826770,1
chr12,38545226,38546226,chr12:38545226..38546226,chr21,9827850,9828850,chr21:9827850..9828850,0
chr12,38541226,38542226,chr12:38541226..38542226,chr21,9823850,9824850,chr21:9823850..9824850,0
chr12,38543226,38544226,chr12:38543226..38544226,chr21,9827850,9828850,chr21:9827850..9828850,0
chr12,38541226,38542226,chr12:38541226..38542226,chr21,9825850,9826850,chr21:9825850..9826850,0
chr12,48172774,48173774,chr12:48172779..48173779,chr22,22549424,22550424,chr22:22549488..22550224,1
chr12,48174774,48175774,chr12:48174774..48175774,chr22,22551424,22552424,chr22:22551424..22552424,0
chr12,48170774,48171774,chr12:48170774..48171774,chr22,22547424,22548424,chr22:22547424..22548424,0
chr12,48172774,48173774,chr12:48172774..48173774,chr22,22551424,22552424,chr22:22551424..22552424,0
chr12,48170774,48171774,chr12:48170774..48171774,chr22,22549424,22550424,chr22:22549424..22550424,0
chr12,57632510,57633510,chr12:57632695..57633514,chr4,126234279,126235279,chr4:126234275..126235273,1
chr12,57634510,57635510,chr12:57634510..57635510,chr4,126236279,126237279,chr4:126236279..126237279,0
chr12,57630510,57631510,chr12:57630510..57631510,chr4,126232279,126233279,chr4:126232279..126233279,0
chr12,57632510,57633510,chr12:57632510..57633510,chr4,126236279,126237279,chr4:126236279..126237279,0
chr12,57630510,57631510,chr12:57630510..57631510,chr4,126234279,126235279,chr4:126234279..126235279,0
chr12,53746080,53747080,chr12:53746088..53746904,chr5,173399785,173400785,chr5:173399839..173400445,1
chr12,53748080,53749080,chr12:53748080..53749080,chr5,173401785,173402785,chr5:173401785..173402785,0
chr12,53744080,53745080,chr12:53744080..53745080,chr5,173397785,173398785,chr5:173397785..173398785,0
chr12,53746080,53747080,chr12:53746080..53747080,chr5,173401785,173402785,chr5:173401785..173402785,0
chr12,53744080,53745080,chr12:53744080..53745080,chr5,173399785,173400785,chr5:173399785..173400785,0
chr12,30997197,30998197,chr12:30997537..30998070,chr6,16265466,16266466,chr6:16265472..16265991,1
chr12,30999197,31000197,chr12:30999197..31000197,chr6,16267466,16268466,chr6:16267466..16268466,0
chr12,30995197,30996197,chr12:30995197..30996197,chr6,16263466,16264466,chr6:16263466..16264466,0
chr12,30997197,30998197,chr12:30997197..30998197,chr6,16267466,16268466,chr6:16267466..16268466,0
chr12,30995197,30996197,chr12:30995197..30996197,chr6,16265466,16266466,chr6:16265466..16266466,0
chr12,120794008,120795008,chr12:120793994..120794835,chr7,43877971,43878971,chr7:43878124..43878739,1
chr12,120796008,120797008,chr12:120796008..120797008,chr7,43879971,43880971,chr7:43879971..43880971,0
chr12,120792008,120793008,chr12:120792008..120793008,chr7,43875971,43876971,chr7:43875971..43876971,0
chr12,120794008,120795008,chr12:120794008..120795008,chr7,43879971,43880971,chr7:43879971..43880971,0
chr12,120792008,120793008,chr12:120792008..120793008,chr7,43877971,43878971,chr7:43877971..43878971,0
chr13,28033152,28034152,chr13:28033235..28033753,chr14,88237195,88238195,chr14:88237194..88238147,1
chr13,28035152,28036152,chr13:28035152..28036152,chr14,88239195,88240195,chr14:88239195..88240195,0
chr13,28031152,28032152,chr13:28031152..28032152,chr14,88235195,88236195,chr14:88235195..88236195,0
chr13,28033152,28034152,chr13:28033152..28034152,chr14,88239195,88240195,chr14:88239195..88240195,0
chr13,28031152,28032152,chr13:28031152..28032152,chr14,88237195,88238195,chr14:88237195..88238195,0
chr13,107857222,107858222,chr13:107857339..107857859,chr20,61071257,61072257,chr20:61071572..61072240,1
chr13,107859222,107860222,chr13:107859222..107860222,chr20,61073257,61074257,chr20:61073257..61074257,0
chr13,107855222,107856222,chr13:107855222..107856222,chr20,61069257,61070257,chr20:61069257..61070257,0
chr13,107857222,107858222,chr13:107857222..107858222,chr20,61073257,61074257,chr20:61073257..61074257,0
chr13,107855222,107856222,chr13:107855222..107856222,chr20,61071257,61072257,chr20:61071257..61072257,0
chr13,91519189,91520189,chr13:91519286..91519842,chr9,133933051,133934051,chr9:133933376..133933886,1
chr13,91521189,91522189,chr13:91521189..91522189,chr9,133935051,133936051,chr9:133935051..133936051,0
chr13,91517189,91518189,chr13:91517189..91518189,chr9,133931051,133932051,chr9:133931051..133932051,0
chr13,91519189,91520189,chr13:91519189..91520189,chr9,133935051,133936051,chr9:133935051..133936051,0
chr13,91517189,91518189,chr13:91517189..91518189,chr9,133933051,133934051,chr9:133933051..133934051,0
chr13,94012084,94013084,chr13:94012220..94012949,chr9,134053341,134054341,chr9:134053374..134054309,1
chr13,94014084,94015084,chr13:94014084..94015084,chr9,134055341,134056341,chr9:134055341..134056341,0
chr13,94010084,94011084,chr13:94010084..94011084,chr9,134051341,134052341,chr9:134051341..134052341,0
chr13,94012084,94013084,chr13:94012084..94013084,chr9,134055341,134056341,chr9:134055341..134056341,0
chr13,94010084,94011084,chr13:94010084..94011084,chr9,134053341,134054341,chr9:134053341..134054341,0
chr14,21560242,21561242,chr14:21560357..21560921,chr8,56972373,56973373,chr8:56972382..56973272,1
chr14,21562242,21563242,chr14:21562242..21563242,chr8,56974373,56975373,chr8:56974373..56975373,0
chr14,21558242,21559242,chr14:21558242..21559242,chr8,56970373,56971373,chr8:56970373..56971373,0
chr14,21560242,21561242,chr14:21560242..21561242,chr8,56974373,56975373,chr8:56974373..56975373,0
chr14,21558242,21559242,chr14:21558242..21559242,chr8,56972373,56973373,chr8:56972373..56973373,0
chr14,105511640,105512640,chr14:105511776..105512299,chr9,140130286,140131286,chr9:140130487..140131073,1
chr14,105513640,105514640,chr14:105513640..105514640,chr9,140132286,140133286,chr9:140132286..140133286,0
chr14,105509640,105510640,chr14:105509640..105510640,chr9,140128286,140129286,chr9:140128286..140129286,0
chr14,105511640,105512640,chr14:105511640..105512640,chr9,140132286,140133286,chr9:140132286..140133286,0
chr14,105509640,105510640,chr14:105509640..105510640,chr9,140130286,140131286,chr9:140130286..140131286,0
chr15,64125969,64126969,chr15:64126184..64127145,chr19,13260744,13261744,chr19:13260753..13261711,1
chr15,64127969,64128969,chr15:64127969..64128969,chr19,13262744,13263744,chr19:13262744..13263744,0
chr15,64123969,64124969,chr15:64123969..64124969,chr19,13258744,13259744,chr19:13258744..13259744,0
chr15,64125969,64126969,chr15:64125969..64126969,chr19,13262744,13263744,chr19:13262744..13263744,0
chr15,64123969,64124969,chr15:64123969..64124969,chr19,13260744,13261744,chr19:13260744..13261744,0
chr15,89901623,89902623,chr15:89901825..89902422,chr20,32900173,32901173,chr20:32900260..32901111,1
chr15,89903623,89904623,chr15:89903623..89904623,chr20,32902173,32903173,chr20:32902173..32903173,0
chr15,89899623,89900623,chr15:89899623..89900623,chr20,32898173,32899173,chr20:32898173..32899173,0
chr15,89901623,89902623,chr15:89901623..89902623,chr20,32902173,32903173,chr20:32902173..32903173,0
chr15,89899623,89900623,chr15:89899623..89900623,chr20,32900173,32901173,chr20:32900173..32901173,0
chr16,33965745,33966745,chr16:33966063..33966904,chr17,33477849,33478849,chr17:33478173..33478769,1
chr16,33967745,33968745,chr16:33967745..33968745,chr17,33479849,33480849,chr17:33479849..33480849,0
chr16,33963745,33964745,chr16:33963745..33964745,chr17,33475849,33476849,chr17:33475849..33476849,0
chr16,33965745,33966745,chr16:33965745..33966745,chr17,33479849,33480849,chr17:33479849..33480849,0
chr16,33963745,33964745,chr16:33963745..33964745,chr17,33477849,33478849,chr17:33477849..33478849,0
chr16,88803517,88804517,chr16:88803803..88804381,chr18,46477802,46478802,chr18:46478014..46478514,1
chr16,88805517,88806517,chr16:88805517..88806517,chr18,46479802,46480802,chr18:46479802..46480802,0
chr16,88801517,88802517,chr16:88801517..88802517,chr18,46475802,46476802,chr18:46475802..46476802,0
chr16,88803517,88804517,chr16:88803517..88804517,chr18,46479802,46480802,chr18:46479802..46480802,0
chr16,88801517,88802517,chr16:88801517..88802517,chr18,46477802,46478802,chr18:46477802..46478802,0
chr16,2390369,2391369,chr16:2390505..2391322,chr19,3429182,3430182,chr19:3429212..3430104,1
chr16,2392369,2393369,chr16:2392369..2393369,chr19,3431182,3432182,chr19:3431182..3432182,0
chr16,2388369,2389369,chr16:2388369..2389369,chr19,3427182,3428182,chr19:3427182..3428182,0
chr16,2390369,2391369,chr16:2390369..2391369,chr19,3431182,3432182,chr19:3431182..3432182,0
chr16,2388369,2389369,chr16:2388369..2389369,chr19,3429182,3430182,chr19:3429182..3430182,0
chr16,33955726,33956726,chr16:33955976..33956477,chr2,133025657,133026657,chr2:133025905..133026410,1
chr16,33957726,33958726,chr16:33957726..33958726,chr2,133027657,133028657,chr2:133027657..133028657,0
chr16,33953726,33954726,chr16:33953726..33954726,chr2,133023657,133024657,chr2:133023657..133024657,0
chr16,33955726,33956726,chr16:33955726..33956726,chr2,133027657,133028657,chr2:133027657..133028657,0
chr16,33953726,33954726,chr16:33953726..33954726,chr2,133025657,133026657,chr2:133025657..133026657,0
chr16,33956511,33957511,chr16:33956654..33957368,chr2,133025000,133026000,chr2:133025178..133025822,1
chr16,33958511,33959511,chr16:33958511..33959511,chr2,133027000,133028000,chr2:133027000..133028000,0
chr16,33954511,33955511,chr16:33954511..33955511,chr2,133023000,133024000,chr2:133023000..133024000,0
chr16,33956511,33957511,chr16:33956511..33957511,chr2,133027000,133028000,chr2:133027000..133028000,0
chr16,33954511,33955511,chr16:33954511..33955511,chr2,133025000,133026000,chr2:133025000..133026000,0
chr16,33960585,33961585,chr16:33960780..33961390,chr2,133014586,133015586,chr2:133014727..133015238,1
chr16,33962585,33963585,chr16:33962585..33963585,chr2,133016586,133017586,chr2:133016586..133017586,0
chr16,33958585,33959585,chr16:33958585..33959585,chr2,133012586,133013586,chr2:133012586..133013586,0
chr16,33960585,33961585,chr16:33960585..33961585,chr2,133016586,133017586,chr2:133016586..133017586,0
chr16,33958585,33959585,chr16:33958585..33959585,chr2,133014586,133015586,chr2:133014586..133015586,0
chr16,33963019,33964019,chr16:33963110..33963928,chr2,133012309,133013309,chr2:133012264..133013394,1
chr16,33965019,33966019,chr16:33965019..33966019,chr2,133014309,133015309,chr2:133014309..133015309,0
chr16,33961019,33962019,chr16:33961019..33962019,chr2,133010309,133011309,chr2:133010309..133011309,0
chr16,33963019,33964019,chr16:33963019..33964019,chr2,133014309,133015309,chr2:133014309..133015309,0
chr16,33961019,33962019,chr16:33961019..33962019,chr2,133012309,133013309,chr2:133012309..133013309,0
chr16,33960637,33961637,chr16:33960778..33961976,chr20,26188961,26189961,chr20:26188545..26190262,1
chr16,33962637,33963637,chr16:33962637..33963637,chr20,26190961,26191961,chr20:26190961..26191961,0
chr16,33958637,33959637,chr16:33958637..33959637,chr20,26186961,26187961,chr20:26186961..26187961,0
chr16,33960637,33961637,chr16:33960637..33961637,chr20,26190961,26191961,chr20:26190961..26191961,0
chr16,33958637,33959637,chr16:33958637..33959637,chr20,26188961,26189961,chr20:26188961..26189961,0
chr16,33962889,33963889,chr16:33962856..33963882,chr20,26188733,26189733,chr20:26188364..26189806,1
chr16,33964889,33965889,chr16:33964889..33965889,chr20,26190733,26191733,chr20:26190733..26191733,0
chr16,33960889,33961889,chr16:33960889..33961889,chr20,26186733,26187733,chr20:26186733..26187733,0
chr16,33962889,33963889,chr16:33962889..33963889,chr20,26190733,26191733,chr20:26190733..26191733,0
chr16,33960889,33961889,chr16:33960889..33961889,chr20,26188733,26189733,chr20:26188733..26189733,0
chr16,33964603,33965603,chr16:33964537..33965670,chr20,26188989,26189989,chr20:26188912..26190067,1
chr16,33966603,33967603,chr16:33966603..33967603,chr20,26190989,26191989,chr20:26190989..26191989,0
chr16,33962603,33963603,chr16:33962603..33963603,chr20,26186989,26187989,chr20:26186989..26187989,0
chr16,33964603,33965603,chr16:33964603..33965603,chr20,26190989,26191989,chr20:26190989..26191989,0
chr16,33962603,33963603,chr16:33962603..33963603,chr20,26188989,26189989,chr20:26188989..26189989,0
chr16,33960650,33961650,chr16:33960805..33961973,chr21,9825247,9826247,chr21:9825108..9826184,1
chr16,33962650,33963650,chr16:33962650..33963650,chr21,9827247,9828247,chr21:9827247..9828247,0
chr16,33958650,33959650,chr16:33958650..33959650,chr21,9823247,9824247,chr21:9823247..9824247,0
chr16,33960650,33961650,chr16:33960650..33961650,chr21,9827247,9828247,chr21:9827247..9828247,0
chr16,33958650,33959650,chr16:33958650..33959650,chr21,9825247,9826247,chr21:9825247..9826247,0
chr16,33960884,33961884,chr16:33961272..33961807,chr21,9826418,9827418,chr21:9826557..9827279,1
chr16,33962884,33963884,chr16:33962884..33963884,chr21,9828418,9829418,chr21:9828418..9829418,0
chr16,33958884,33959884,chr16:33958884..33959884,chr21,9824418,9825418,chr21:9824418..9825418,0
chr16,33960884,33961884,chr16:33960884..33961884,chr21,9828418,9829418,chr21:9828418..9829418,0
chr16,33958884,33959884,chr16:33958884..33959884,chr21,9826418,9827418,chr21:9826418..9827418,0
chr16,33962889,33963889,chr16:33962565..33963882,chr21,9826559,9827559,chr21:9826382..9828000,1
chr16,33964889,33965889,chr16:33964889..33965889,chr21,9828559,9829559,chr21:9828559..9829559,0
chr16,33960889,33961889,chr16:33960889..33961889,chr21,9824559,9825559,chr21:9824559..9825559,0
chr16,33962889,33963889,chr16:33962889..33963889,chr21,9828559,9829559,chr21:9828559..9829559,0
chr16,33960889,33961889,chr16:33960889..33961889,chr21,9826559,9827559,chr21:9826559..9827559,0
chr16,33963192,33964192,chr16:33963239..33964145,chr21,9825238,9826238,chr21:9825276..9826165,1
chr16,33965192,33966192,chr16:33965192..33966192,chr21,9827238,9828238,chr21:9827238..9828238,0
chr16,33961192,33962192,chr16:33961192..33962192,chr21,9823238,9824238,chr21:9823238..9824238,0
chr16,33963192,33964192,chr16:33963192..33964192,chr21,9827238,9828238,chr21:9827238..9828238,0
chr16,33961192,33962192,chr16:33961192..33962192,chr21,9825238,9826238,chr21:9825238..9826238,0
chr16,33964163,33965163,chr16:33964375..33964952,chr21,9826703,9827703,chr21:9826945..9827462,1
chr16,33966163,33967163,chr16:33966163..33967163,chr21,9828703,9829703,chr21:9828703..9829703,0
chr16,33962163,33963163,chr16:33962163..33963163,chr21,9824703,9825703,chr21:9824703..9825703,0
chr16,33964163,33965163,chr16:33964163..33965163,chr21,9828703,9829703,chr21:9828703..9829703,0
chr16,33962163,33963163,chr16:33962163..33963163,chr21,9826703,9827703,chr21:9826703..9827703,0
chr16,33964152,33965152,chr16:33964377..33964927,chr21,9825735,9826735,chr21:9825880..9826590,1
chr16,33966152,33967152,chr16:33966152..33967152,chr21,9827735,9828735,chr21:9827735..9828735,0
chr16,33962152,33963152,chr16:33962152..33963152,chr21,9823735,9824735,chr21:9823735..9824735,0
chr16,33964152,33965152,chr16:33964152..33965152,chr21,9827735,9828735,chr21:9827735..9828735,0
chr16,33962152,33963152,chr16:33962152..33963152,chr21,9825735,9826735,chr21:9825735..9826735,0
chr16,146521,147521,chr16:146693..147228,chr3,184089004,184090004,chr3:184089073..184089815,1
chr16,148521,149521,chr16:148521..149521,chr3,184091004,184092004,chr3:184091004..184092004,0
chr16,144521,145521,chr16:144521..145521,chr3,184087004,184088004,chr3:184087004..184088004,0
chr16,146521,147521,chr16:146521..147521,chr3,184091004,184092004,chr3:184091004..184092004,0
chr16,144521,145521,chr16:144521..145521,chr3,184089004,184090004,chr3:184089004..184090004,0
chr16,33964846,33965846,chr16:33965082..33965611,chr5,74062562,74063562,chr5:74062938..74063440,1
chr16,33966846,33967846,chr16:33966846..33967846,chr5,74064562,74065562,chr5:74064562..74065562,0
chr16,33962846,33963846,chr16:33962846..33963846,chr5,74060562,74061562,chr5:74060562..74061562,0
chr16,33964846,33965846,chr16:33964846..33965846,chr5,74064562,74065562,chr5:74064562..74065562,0
chr16,33962846,33963846,chr16:33962846..33963846,chr5,74062562,74063562,chr5:74062562..74063562,0
chr16,78268694,78269694,chr16:78268800..78269308,chr6,38461424,38462424,chr6:38461719..38462384,1
chr16,78270694,78271694,chr16:78270694..78271694,chr6,38463424,38464424,chr6:38463424..38464424,0
chr16,78266694,78267694,chr16:78266694..78267694,chr6,38459424,38460424,chr6:38459424..38460424,0
chr16,78268694,78269694,chr16:78268694..78269694,chr6,38463424,38464424,chr6:38463424..38464424,0
chr16,78266694,78267694,chr16:78266694..78267694,chr6,38461424,38462424,chr6:38461424..38462424,0
chr16,85426923,85427923,chr16:85426678..85427943,chr6,16770837,16771837,chr6:16770526..16771538,1
chr16,85428923,85429923,chr16:85428923..85429923,chr6,16772837,16773837,chr6:16772837..16773837,0
chr16,85424923,85425923,chr16:85424923..85425923,chr6,16768837,16769837,chr6:16768837..16769837,0
chr16,85426923,85427923,chr16:85426923..85427923,chr6,16772837,16773837,chr6:16772837..16773837,0
chr16,85424923,85425923,chr16:85424923..85425923,chr6,16770837,16771837,chr6:16770837..16771837,0
chr16,85453986,85454986,chr16:85454102..85455031,chr6,16762937,16763937,chr6:16762946..16763778,1
chr16,85455986,85456986,chr16:85455986..85456986,chr6,16764937,16765937,chr6:16764937..16765937,0
chr16,85451986,85452986,chr16:85451986..85452986,chr6,16760937,16761937,chr6:16760937..16761937,0
chr16,85453986,85454986,chr16:85453986..85454986,chr6,16764937,16765937,chr6:16764937..16765937,0
chr16,85451986,85452986,chr16:85451986..85452986,chr6,16762937,16763937,chr6:16762937..16763937,0
chr16,85454083,85455083,chr16:85454379..85454962,chr6,16770783,16771783,chr6:16770894..16771429,1
chr16,85456083,85457083,chr16:85456083..85457083,chr6,16772783,16773783,chr6:16772783..16773783,0
chr16,85452083,85453083,chr16:85452083..85453083,chr6,16768783,16769783,chr6:16768783..16769783,0
chr16,85454083,85455083,chr16:85454083..85455083,chr6,16772783,16773783,chr6:16772783..16773783,0
chr16,85452083,85453083,chr16:85452083..85453083,chr6,16770783,16771783,chr6:16770783..16771783,0
chr16,9228408,9229408,chr16:9228791..9229302,chr7,149119303,149120303,chr7:149119565..149120138,1
chr16,9230408,9231408,chr16:9230408..9231408,chr7,149121303,149122303,chr7:149121303..149122303,0
chr16,9226408,9227408,chr16:9226408..9227408,chr7,149117303,149118303,chr7:149117303..149118303,0
chr16,9228408,9229408,chr16:9228408..9229408,chr7,149121303,149122303,chr7:149121303..149122303,0
chr16,9226408,9227408,chr16:9226408..9227408,chr7,149119303,149120303,chr7:149119303..149120303,0
chr17,33477631,33478631,chr17:33477643..33478302,chr19,24184435,24185435,chr19:24184476..24185300,1
chr17,33479631,33480631,chr17:33479631..33480631,chr19,24186435,24187435,chr19:24186435..24187435,0
chr17,33475631,33476631,chr17:33475631..33476631,chr19,24182435,24183435,chr19:24182435..24183435,0
chr17,33477631,33478631,chr17:33477631..33478631,chr19,24186435,24187435,chr19:24186435..24187435,0
chr17,33475631,33476631,chr17:33475631..33476631,chr19,24184435,24185435,chr19:24184435..24185435,0
chr17,31149099,31150099,chr17:31148965..31149938,chr20,26189518,26190518,chr20:26189585..26190452,1
chr17,31151099,31152099,chr17:31151099..31152099,chr20,26191518,26192518,chr20:26191518..26192518,0
chr17,31147099,31148099,chr17:31147099..31148099,chr20,26187518,26188518,chr20:26187518..26188518,0
chr17,31149099,31150099,chr17:31149099..31150099,chr20,26191518,26192518,chr20:26191518..26192518,0
chr17,31147099,31148099,chr17:31147099..31148099,chr20,26189518,26190518,chr20:26189518..26190518,0
chr17,31149159,31150159,chr17:31148971..31150332,chr21,9825516,9826516,chr21:9825192..9826722,1
chr17,31151159,31152159,chr17:31151159..31152159,chr21,9827516,9828516,chr21:9827516..9828516,0
chr17,31147159,31148159,chr17:31147159..31148159,chr21,9823516,9824516,chr21:9823516..9824516,0
chr17,31149159,31150159,chr17:31149159..31150159,chr21,9827516,9828516,chr21:9827516..9828516,0
chr17,31147159,31148159,chr17:31147159..31148159,chr21,9825516,9826516,chr21:9825516..9826516,0
chr17,41465106,41466106,chr17:41464874..41465698,chr3,73159525,73160525,chr3:73159600..73160443,1
chr17,41467106,41468106,chr17:41467106..41468106,chr3,73161525,73162525,chr3:73161525..73162525,0
chr17,41463106,41464106,chr17:41463106..41464106,chr3,73157525,73158525,chr3:73157525..73158525,0
chr17,41465106,41466106,chr17:41465106..41466106,chr3,73161525,73162525,chr3:73161525..73162525,0
chr17,41463106,41464106,chr17:41463106..41464106,chr3,73159525,73160525,chr3:73159525..73160525,0
chr17,43472147,43473147,chr17:43472054..43473039,chr3,150213101,150214101,chr3:150213268..150214033,1
chr17,43474147,43475147,chr17:43474147..43475147,chr3,150215101,150216101,chr3:150215101..150216101,0
chr17,43470147,43471147,chr17:43470147..43471147,chr3,150211101,150212101,chr3:150211101..150212101,0
chr17,43472147,43473147,chr17:43472147..43473147,chr3,150215101,150216101,chr3:150215101..150216101,0
chr17,43470147,43471147,chr17:43470147..43471147,chr3,150213101,150214101,chr3:150213101..150214101,0
chr17,8061685,8062685,chr17:8061805..8062674,chr7,78006566,78007566,chr7:78006609..78007498,1
chr17,8063685,8064685,chr17:8063685..8064685,chr7,78008566,78009566,chr7:78008566..78009566,0
chr17,8059685,8060685,chr17:8059685..8060685,chr7,78004566,78005566,chr7:78004566..78005566,0
chr17,8061685,8062685,chr17:8061685..8062685,chr7,78008566,78009566,chr7:78008566..78009566,0
chr17,8059685,8060685,chr17:8059685..8060685,chr7,78006566,78007566,chr7:78006566..78007566,0
chr17,27090522,27091522,chr17:27090921..27091427,chr7,129882068,129883068,chr7:129882136..129883014,1
chr17,27092522,27093522,chr17:27092522..27093522,chr7,129884068,129885068,chr7:129884068..129885068,0
chr17,27088522,27089522,chr17:27088522..27089522,chr7,129880068,129881068,chr7:129880068..129881068,0
chr17,27090522,27091522,chr17:27090522..27091522,chr7,129884068,129885068,chr7:129884068..129885068,0
chr17,27088522,27089522,chr17:27088522..27089522,chr7,129882068,129883068,chr7:129882068..129883068,0
chr17,48156708,48157708,chr17:48156825..48157714,chr8,74086244,74087244,chr8:74086523..74087133,1
chr17,48158708,48159708,chr17:48158708..48159708,chr8,74088244,74089244,chr8:74088244..74089244,0
chr17,48154708,48155708,chr17:48154708..48155708,chr8,74084244,74085244,chr8:74084244..74085244,0
chr17,48156708,48157708,chr17:48156708..48157708,chr8,74088244,74089244,chr8:74088244..74089244,0
chr17,48154708,48155708,chr17:48154708..48155708,chr8,74086244,74087244,chr8:74086244..74087244,0
chr18,12120888,12121888,chr18:12120896..12121904,chr22,17160809,17161809,chr22:17160896..17161585,1
chr18,12122888,12123888,chr18:12122888..12123888,chr22,17162809,17163809,chr22:17162809..17163809,0
chr18,12118888,12119888,chr18:12118888..12119888,chr22,17158809,17159809,chr22:17158809..17159809,0
chr18,12120888,12121888,chr18:12120888..12121888,chr22,17162809,17163809,chr22:17162809..17163809,0
chr18,12118888,12119888,chr18:12118888..12119888,chr22,17160809,17161809,chr22:17160809..17161809,0
chr18,33597340,33598340,chr18:33597362..33598280,chr7,100080693,100081693,chr7:100081000..100081519,1
chr18,33599340,33600340,chr18:33599340..33600340,chr7,100082693,100083693,chr7:100082693..100083693,0
chr18,33595340,33596340,chr18:33595340..33596340,chr7,100078693,100079693,chr7:100078693..100079693,0
chr18,33597340,33598340,chr18:33597340..33598340,chr7,100082693,100083693,chr7:100082693..100083693,0
chr18,33595340,33596340,chr18:33595340..33596340,chr7,100080693,100081693,chr7:100080693..100081693,0
chr19,44858473,44859473,chr19:44858582..44859085,chr2,133106264,133107264,chr2:133106403..133107293,1
chr19,44860473,44861473,chr19:44860473..44861473,chr2,133108264,133109264,chr2:133108264..133109264,0
chr19,44856473,44857473,chr19:44856473..44857473,chr2,133104264,133105264,chr2:133104264..133105264,0
chr19,44858473,44859473,chr19:44858473..44859473,chr2,133108264,133109264,chr2:133108264..133109264,0
chr19,44856473,44857473,chr19:44856473..44857473,chr2,133106264,133107264,chr2:133106264..133107264,0
chr19,56763855,56764855,chr19:56764089..56764882,chr2,69533710,69534710,chr2:69533751..69534360,1
chr19,56765855,56766855,chr19:56765855..56766855,chr2,69535710,69536710,chr2:69535710..69536710,0
chr19,56761855,56762855,chr19:56761855..56762855,chr2,69531710,69532710,chr2:69531710..69532710,0
chr19,56763855,56764855,chr19:56763855..56764855,chr2,69535710,69536710,chr2:69535710..69536710,0
chr19,56761855,56762855,chr19:56761855..56762855,chr2,69533710,69534710,chr2:69533710..69534710,0
chr19,56154454,56155454,chr19:56154889..56155389,chr20,26189591,26190591,chr20:26189706..26190477,1
chr19,56156454,56157454,chr19:56156454..56157454,chr20,26191591,26192591,chr20:26191591..26192591,0
chr19,56152454,56153454,chr19:56152454..56153454,chr20,26187591,26188591,chr20:26187591..26188591,0
chr19,56154454,56155454,chr19:56154454..56155454,chr20,26191591,26192591,chr20:26191591..26192591,0
chr19,56152454,56153454,chr19:56152454..56153454,chr20,26189591,26190591,chr20:26189591..26190591,0
chr19,13972593,13973593,chr19:13972733..13973733,chr22,23152093,23153093,chr22:23152120..23153185,1
chr19,13974593,13975593,chr19:13974593..13975593,chr22,23154093,23155093,chr22:23154093..23155093,0
chr19,13970593,13971593,chr19:13970593..13971593,chr22,23150093,23151093,chr22:23150093..23151093,0
chr19,13972593,13973593,chr19:13972593..13973593,chr22,23154093,23155093,chr22:23154093..23155093,0
chr19,13970593,13971593,chr19:13970593..13971593,chr22,23152093,23153093,chr22:23152093..23153093,0
chr19,49946373,49947373,chr19:49946282..49947158,chr22,22776644,22777644,chr22:22776854..22777550,1
chr19,49948373,49949373,chr19:49948373..49949373,chr22,22778644,22779644,chr22:22778644..22779644,0
chr19,49944373,49945373,chr19:49944373..49945373,chr22,22774644,22775644,chr22:22774644..22775644,0
chr19,49946373,49947373,chr19:49946373..49947373,chr22,22778644,22779644,chr22:22778644..22779644,0
chr19,49944373,49945373,chr19:49944373..49945373,chr22,22776644,22777644,chr22:22776644..22777644,0
chr19,24184104,24185104,chr19:24183615..24184637,chr4,70296064,70297064,chr4:70296138..70296644,1
chr19,24186104,24187104,chr19:24186104..24187104,chr4,70298064,70299064,chr4:70298064..70299064,0
chr19,24182104,24183104,chr19:24182104..24183104,chr4,70294064,70295064,chr4:70294064..70295064,0
chr19,24184104,24185104,chr19:24184104..24185104,chr4,70298064,70299064,chr4:70298064..70299064,0
chr19,24182104,24183104,chr19:24182104..24183104,chr4,70296064,70297064,chr4:70296064..70297064,0
chr19,23253794,23254794,chr19:23254197..23254711,chr8,46940717,46941717,chr8:46940755..46941394,1
chr19,23255794,23256794,chr19:23255794..23256794,chr8,46942717,46943717,chr8:46942717..46943717,0
chr19,23251794,23252794,chr19:23251794..23252794,chr8,46938717,46939717,chr8:46938717..46939717,0
chr19,23253794,23254794,chr19:23253794..23254794,chr8,46942717,46943717,chr8:46942717..46943717,0
chr19,23251794,23252794,chr19:23251794..23252794,chr8,46940717,46941717,chr8:46940717..46941717,0
chr19,24184340,24185340,chr19:24184475..24185109,chr8,56754773,56755773,chr8:56755053..56755813,1
chr19,24186340,24187340,chr19:24186340..24187340,chr8,56756773,56757773,chr8:56756773..56757773,0
chr19,24182340,24183340,chr19:24182340..24183340,chr8,56752773,56753773,chr8:56752773..56753773,0
chr19,24184340,24185340,chr19:24184340..24185340,chr8,56756773,56757773,chr8:56756773..56757773,0
chr19,24182340,24183340,chr19:24182340..24183340,chr8,56754773,56755773,chr8:56754773..56755773,0
chr19,10691295,10692295,chr19:10691319..10691986,chr9,97889598,97890598,chr9:97889852..97890568,1
chr19,10693295,10694295,chr19:10693295..10694295,chr9,97891598,97892598,chr9:97891598..97892598,0
chr19,10689295,10690295,chr19:10689295..10690295,chr9,97887598,97888598,chr9:97887598..97888598,0
chr19,10691295,10692295,chr19:10691295..10692295,chr9,97891598,97892598,chr9:97891598..97892598,0
chr19,10689295,10690295,chr19:10689295..10690295,chr9,97889598,97890598,chr9:97889598..97890598,0
chr2,133014573,133015573,chr2:133014704..133015213,chr20,26188949,26189949,chr20:26189092..26189806,1
chr2,133016573,133017573,chr2:133016573..133017573,chr20,26190949,26191949,chr20:26190949..26191949,0
chr2,133012573,133013573,chr2:133012573..133013573,chr20,26186949,26187949,chr20:26186949..26187949,0
chr2,133014573,133015573,chr2:133014573..133015573,chr20,26190949,26191949,chr20:26190949..26191949,0
chr2,133012573,133013573,chr2:133012573..133013573,chr20,26188949,26189949,chr20:26188949..26189949,0
chr2,133015002,133016002,chr2:133015237..133015768,chr20,26189307,26190307,chr20:26189161..26190454,1
chr2,133017002,133018002,chr2:133017002..133018002,chr20,26191307,26192307,chr20:26191307..26192307,0
chr2,133013002,133014002,chr2:133013002..133014002,chr20,26187307,26188307,chr20:26187307..26188307,0
chr2,133015002,133016002,chr2:133015002..133016002,chr20,26191307,26192307,chr20:26191307..26192307,0
chr2,133013002,133014002,chr2:133013002..133014002,chr20,26189307,26190307,chr20:26189307..26190307,0
chr2,74626746,74627746,chr2:74626881..74627880,chr21,43959659,43960659,chr21:43959494..43960392,1
chr2,74628746,74629746,chr2:74628746..74629746,chr21,43961659,43962659,chr21:43961659..43962659,0
chr2,74624746,74625746,chr2:74624746..74625746,chr21,43957659,43958659,chr21:43957659..43958659,0
chr2,74626746,74627746,chr2:74626746..74627746,chr21,43961659,43962659,chr21:43961659..43962659,0
chr2,74624746,74625746,chr2:74624746..74625746,chr21,43959659,43960659,chr21:43959659..43960659,0
chr2,133012164,133013164,chr2:133011973..133013585,chr21,9826023,9827023,chr21:9825264..9828064,1
chr2,133014164,133015164,chr2:133014164..133015164,chr21,9828023,9829023,chr21:9828023..9829023,0
chr2,133010164,133011164,chr2:133010164..133011164,chr21,9824023,9825023,chr21:9824023..9825023,0
chr2,133012164,133013164,chr2:133012164..133013164,chr21,9828023,9829023,chr21:9828023..9829023,0
chr2,133010164,133011164,chr2:133010164..133011164,chr21,9826023,9827023,chr21:9826023..9827023,0
chr2,133014993,133015993,chr2:133015187..133015799,chr21,9825395,9826395,chr21:9825605..9826185,1
chr2,133016993,133017993,chr2:133016993..133017993,chr21,9827395,9828395,chr21:9827395..9828395,0
chr2,133012993,133013993,chr2:133012993..133013993,chr21,9823395,9824395,chr21:9823395..9824395,0
chr2,133014993,133015993,chr2:133014993..133015993,chr21,9827395,9828395,chr21:9827395..9828395,0
chr2,133012993,133013993,chr2:133012993..133013993,chr21,9825395,9826395,chr21:9825395..9826395,0
chr2,91818276,91819276,chr2:91818108..91819097,chr4,9766380,9767380,chr4:9766527..9767180,1
chr2,91820276,91821276,chr2:91820276..91821276,chr4,9768380,9769380,chr4:9768380..9769380,0
chr2,91816276,91817276,chr2:91816276..91817276,chr4,9764380,9765380,chr4:9764380..9765380,0
chr2,91818276,91819276,chr2:91818276..91819276,chr4,9768380,9769380,chr4:9768380..9769380,0
chr2,91816276,91817276,chr2:91816276..91817276,chr4,9766380,9767380,chr4:9766380..9767380,0
chr2,133038092,133039092,chr2:133038216..133038968,chr5,71146510,71147510,chr5:71146910..71147410,1
chr2,133040092,133041092,chr2:133040092..133041092,chr5,71148510,71149510,chr5:71148510..71149510,0
chr2,133036092,133037092,chr2:133036092..133037092,chr5,71144510,71145510,chr5:71144510..71145510,0
chr2,133038092,133039092,chr2:133038092..133039092,chr5,71148510,71149510,chr5:71148510..71149510,0
chr2,133036092,133037092,chr2:133036092..133037092,chr5,71146510,71147510,chr5:71146510..71147510,0
chr2,208898434,208899434,chr2:208898527..208899123,chr7,152160855,152161855,chr7:152160939..152161603,1
chr2,208900434,208901434,chr2:208900434..208901434,chr7,152162855,152163855,chr7:152162855..152163855,0
chr2,208896434,208897434,chr2:208896434..208897434,chr7,152158855,152159855,chr7:152158855..152159855,0
chr2,208898434,208899434,chr2:208898434..208899434,chr7,152162855,152163855,chr7:152162855..152163855,0
chr2,208896434,208897434,chr2:208896434..208897434,chr7,152160855,152161855,chr7:152160855..152161855,0
chr2,85647714,85648714,chr2:85648147..85648893,chr8,38028712,38029712,chr8:38028632..38029353,1
chr2,85649714,85650714,chr2:85649714..85650714,chr8,38030712,38031712,chr8:38030712..38031712,0
chr2,85645714,85646714,chr2:85645714..85646714,chr8,38026712,38027712,chr8:38026712..38027712,0
chr2,85647714,85648714,chr2:85647714..85648714,chr8,38030712,38031712,chr8:38030712..38031712,0
chr2,85645714,85646714,chr2:85645714..85646714,chr8,38028712,38029712,chr8:38028712..38029712,0
chr2,3427393,3428393,chr2:3427737..3428309,chr9,133741601,133742601,chr9:133741848..133742354,1
chr2,3429393,3430393,chr2:3429393..3430393,chr9,133743601,133744601,chr9:133743601..133744601,0
chr2,3425393,3426393,chr2:3425393..3426393,chr9,133739601,133740601,chr9:133739601..133740601,0
chr2,3427393,3428393,chr2:3427393..3428393,chr9,133743601,133744601,chr9:133743601..133744601,0
chr2,3425393,3426393,chr2:3425393..3426393,chr9,133741601,133742601,chr9:133741601..133742601,0
chr2,107158792,107159792,chr2:107158908..107159409,chr9,123381701,123382701,chr9:123381949..123382487,1
chr2,107160792,107161792,chr2:107160792..107161792,chr9,123383701,123384701,chr9:123383701..123384701,0
chr2,107156792,107157792,chr2:107156792..107157792,chr9,123379701,123380701,chr9:123379701..123380701,0
chr2,107158792,107159792,chr2:107158792..107159792,chr9,123383701,123384701,chr9:123383701..123384701,0
chr2,107156792,107157792,chr2:107156792..107157792,chr9,123381701,123382701,chr9:123381701..123382701,0
chr2,219712145,219713145,chr2:219712474..219713044,chr9,133921895,133922895,chr9:133922172..133922775,1
chr2,219714145,219715145,chr2:219714145..219715145,chr9,133923895,133924895,chr9:133923895..133924895,0
chr2,219710145,219711145,chr2:219710145..219711145,chr9,133919895,133920895,chr9:133919895..133920895,0
chr2,219712145,219713145,chr2:219712145..219713145,chr9,133923895,133924895,chr9:133923895..133924895,0
chr2,219710145,219711145,chr2:219710145..219711145,chr9,133921895,133922895,chr9:133921895..133922895,0
chr20,26189163,26190163,chr20:26188275..26190975,chr21,9826023,9827023,chr21:9824996..9827903,1
chr20,26191163,26192163,chr20:26191163..26192163,chr21,9828023,9829023,chr21:9828023..9829023,0
chr20,26187163,26188163,chr20:26187163..26188163,chr21,9824023,9825023,chr21:9824023..9825023,0
chr20,26189163,26190163,chr20:26189163..26190163,chr21,9828023,9829023,chr21:9828023..9829023,0
chr20,26187163,26188163,chr20:26187163..26188163,chr21,9826023,9827023,chr21:9826023..9827023,0
chr20,29583277,29584277,chr20:29583334..29584203,chr4,190825191,190826191,chr4:190824893..190826446,1
chr20,29585277,29586277,chr20:29585277..29586277,chr4,190827191,190828191,chr4:190827191..190828191,0
chr20,29581277,29582277,chr20:29581277..29582277,chr4,190823191,190824191,chr4:190823191..190824191,0
chr20,29583277,29584277,chr20:29583277..29584277,chr4,190827191,190828191,chr4:190827191..190828191,0
chr20,29581277,29582277,chr20:29581277..29582277,chr4,190825191,190826191,chr4:190825191..190826191,0
chr20,62916652,62917652,chr20:62916814..62917490,chr6,148011,149011,chr6:147992..148792,1
chr20,62918652,62919652,chr20:62918652..62919652,chr6,150011,151011,chr6:150011..151011,0
chr20,62914652,62915652,chr20:62914652..62915652,chr6,146011,147011,chr6:146011..147011,0
chr20,62916652,62917652,chr20:62916652..62917652,chr6,150011,151011,chr6:150011..151011,0
chr20,62914652,62915652,chr20:62914652..62915652,chr6,148011,149011,chr6:148011..149011,0
chr20,29611160,29612160,chr20:29611070..29612139,chr9,68455033,68456033,chr9:68455176..68456091,1
chr20,29613160,29614160,chr20:29613160..29614160,chr9,68457033,68458033,chr9:68457033..68458033,0
chr20,29609160,29610160,chr20:29609160..29610160,chr9,68453033,68454033,chr9:68453033..68454033,0
chr20,29611160,29612160,chr20:29611160..29612160,chr9,68457033,68458033,chr9:68457033..68458033,0
chr20,29609160,29610160,chr20:29609160..29610160,chr9,68455033,68456033,chr9:68455033..68456033,0
chr21,31043735,31044735,chr21:31043774..31044686,chr3,195586066,195587066,chr3:195586314..195586819,1
chr21,31045735,31046735,chr21:31045735..31046735,chr3,195588066,195589066,chr3:195588066..195589066,0
chr21,31041735,31042735,chr21:31041735..31042735,chr3,195584066,195585066,chr3:195584066..195585066,0
chr21,31043735,31044735,chr21:31043735..31044735,chr3,195588066,195589066,chr3:195588066..195589066,0
chr21,31041735,31042735,chr21:31041735..31042735,chr3,195586066,195587066,chr3:195586066..195587066,0
chr21,9827096,9828096,chr21:9827456..9827981,chr7,80962510,80963510,chr7:80962606..80963109,1
chr21,9829096,9830096,chr21:9829096..9830096,chr7,80964510,80965510,chr7:80964510..80965510,0
chr21,9825096,9826096,chr21:9825096..9826096,chr7,80960510,80961510,chr7:80960510..80961510,0
chr21,9827096,9828096,chr21:9827096..9828096,chr7,80964510,80965510,chr7:80964510..80965510,0
chr21,9825096,9826096,chr21:9825096..9826096,chr7,80962510,80963510,chr7:80962510..80963510,0
chr21,37212167,37213167,chr21:37212429..37213000,chr9,139233326,139234326,chr9:139233392..139234294,1
chr21,37214167,37215167,chr21:37214167..37215167,chr9,139235326,139236326,chr9:139235326..139236326,0
chr21,37210167,37211167,chr21:37210167..37211167,chr9,139231326,139232326,chr9:139231326..139232326,0
chr21,37212167,37213167,chr21:37212167..37213167,chr9,139235326,139236326,chr9:139235326..139236326,0
chr21,37210167,37211167,chr21:37210167..37211167,chr9,139233326,139234326,chr9:139233326..139234326,0
chr22,21983371,21984371,chr22:21983584..21984158,chr3,45698041,45699041,chr3:45698398..45699037,1
chr22,21985371,21986371,chr22:21985371..21986371,chr3,45700041,45701041,chr3:45700041..45701041,0
chr22,21981371,21982371,chr22:21981371..21982371,chr3,45696041,45697041,chr3:45696041..45697041,0
chr22,21983371,21984371,chr22:21983371..21984371,chr3,45700041,45701041,chr3:45700041..45701041,0
chr22,21981371,21982371,chr22:21981371..21982371,chr3,45698041,45699041,chr3:45698041..45699041,0
chr22,20255477,20256477,chr22:20255497..20256187,chr5,131563385,131564385,chr5:131562986..131563966,1
chr22,20257477,20258477,chr22:20257477..20258477,chr5,131565385,131566385,chr5:131565385..131566385,0
chr22,20253477,20254477,chr22:20253477..20254477,chr5,131561385,131562385,chr5:131561385..131562385,0
chr22,20255477,20256477,chr22:20255477..20256477,chr5,131565385,131566385,chr5:131565385..131566385,0
chr22,20253477,20254477,chr22:20253477..20254477,chr5,131563385,131564385,chr5:131563385..131564385,0
chr22,22292030,22293030,chr22:22292249..22292768,chr6,36853052,36854052,chr6:36853269..36853777,1
chr22,22294030,22295030,chr22:22294030..22295030,chr6,36855052,36856052,chr6:36855052..36856052,0
chr22,22290030,22291030,chr22:22290030..22291030,chr6,36851052,36852052,chr6:36851052..36852052,0
chr22,22292030,22293030,chr22:22292030..22293030,chr6,36855052,36856052,chr6:36855052..36856052,0
chr22,22290030,22291030,chr22:22290030..22291030,chr6,36853052,36854052,chr6:36853052..36854052,0
chr22,23112344,23113344,chr22:23112599..23113281,chr7,123133770,123134770,chr7:123133990..123134500,1
chr22,23114344,23115344,chr22:23114344..23115344,chr7,123135770,123136770,chr7:123135770..123136770,0
chr22,23110344,23111344,chr22:23110344..23111344,chr7,123131770,123132770,chr7:123131770..123132770,0
chr22,23112344,23113344,chr22:23112344..23113344,chr7,123135770,123136770,chr7:123135770..123136770,0
chr22,23110344,23111344,chr22:23110344..23111344,chr7,123133770,123134770,chr7:123133770..123134770,0
chr22,17255209,17256209,chr22:17254871..17256834,chr9,133932852,133933852,chr9:133932887..133933985,1
chr22,17257209,17258209,chr22:17257209..17258209,chr9,133934852,133935852,chr9:133934852..133935852,0
chr22,17253209,17254209,chr22:17253209..17254209,chr9,133930852,133931852,chr9:133930852..133931852,0
chr22,17255209,17256209,chr22:17255209..17256209,chr9,133934852,133935852,chr9:133934852..133935852,0
chr22,17253209,17254209,chr22:17253209..17254209,chr9,133932852,133933852,chr9:133932852..133933852,0
chr22,17255208,17256208,chr22:17255213..17256145,chr9,133873247,133874247,chr9:133873413..133873995,1
chr22,17257208,17258208,chr22:17257208..17258208,chr9,133875247,133876247,chr9:133875247..133876247,0
chr22,17253208,17254208,chr22:17253208..17254208,chr9,133871247,133872247,chr9:133871247..133872247,0
chr22,17255208,17256208,chr22:17255208..17256208,chr9,133875247,133876247,chr9:133875247..133876247,0
chr22,17253208,17254208,chr22:17253208..17254208,chr9,133873247,133874247,chr9:133873247..133874247,0
chr22,17255209,17256209,chr22:17255218..17256334,chr9,134053473,134054473,chr9:134053351..134054595,1
chr22,17257209,17258209,chr22:17257209..17258209,chr9,134055473,134056473,chr9:134055473..134056473,0
chr22,17253209,17254209,chr22:17253209..17254209,chr9,134051473,134052473,chr9:134051473..134052473,0
chr22,17255209,17256209,chr22:17255209..17256209,chr9,134055473,134056473,chr9:134055473..134056473,0
chr22,17253209,17254209,chr22:17253209..17254209,chr9,134053473,134054473,chr9:134053473..134054473,0
chr22,17255316,17256316,chr22:17255556..17256076,chr9,133971144,133972144,chr9:133971258..133972219,1
chr22,17257316,17258316,chr22:17257316..17258316,chr9,133973144,133974144,chr9:133973144..133974144,0
chr22,17253316,17254316,chr22:17253316..17254316,chr9,133969144,133970144,chr9:133969144..133970144,0
chr22,17255316,17256316,chr22:17255316..17256316,chr9,133973144,133974144,chr9:133973144..133974144,0
chr22,17253316,17254316,chr22:17253316..17254316,chr9,133971144,133972144,chr9:133971144..133972144,0
chr22,17264559,17265559,chr22:17264640..17265417,chr9,134053532,134054532,chr9:134053774..134054291,1
chr22,17266559,17267559,chr22:17266559..17267559,chr9,134055532,134056532,chr9:134055532..134056532,0
chr22,17262559,17263559,chr22:17262559..17263559,chr9,134051532,134052532,chr9:134051532..134052532,0
chr22,17264559,17265559,chr22:17264559..17265559,chr9,134055532,134056532,chr9:134055532..134056532,0
chr22,17262559,17263559,chr22:17262559..17263559,chr9,134053532,134054532,chr9:134053532..134054532,0
chr22,23212873,23213873,chr22:23212934..23213822,chr9,133738630,133739630,chr9:133738742..133739661,1
chr22,23214873,23215873,chr22:23214873..23215873,chr9,133740630,133741630,chr9:133740630..133741630,0
chr22,23210873,23211873,chr22:23210873..23211873,chr9,133736630,133737630,chr9:133736630..133737630,0
chr22,23212873,23213873,chr22:23212873..23213873,chr9,133740630,133741630,chr9:133740630..133741630,0
chr22,23210873,23211873,chr22:23210873..23211873,chr9,133738630,133739630,chr9:133738630..133739630,0
chr22,23297918,23298918,chr22:23298269..23298956,chr9,133873431,133874431,chr9:133873466..133874363,1
chr22,23299918,23300918,chr22:23299918..23300918,chr9,133875431,133876431,chr9:133875431..133876431,0
chr22,23295918,23296918,chr22:23295918..23296918,chr9,133871431,133872431,chr9:133871431..133872431,0
chr22,23297918,23298918,chr22:23297918..23298918,chr9,133875431,133876431,chr9:133875431..133876431,0
chr22,23295918,23296918,chr22:23295918..23296918,chr9,133873431,133874431,chr9:133873431..133874431,0
chr22,23301061,23302061,chr22:23301036..23302224,chr9,133921773,133922773,chr9:133921813..133922729,1
chr22,23303061,23304061,chr22:23303061..23304061,chr9,133923773,133924773,chr9:133923773..133924773,0
chr22,23299061,23300061,chr22:23299061..23300061,chr9,133919773,133920773,chr9:133919773..133920773,0
chr22,23301061,23302061,chr22:23301061..23302061,chr9,133923773,133924773,chr9:133923773..133924773,0
chr22,23299061,23300061,chr22:23299061..23300061,chr9,133921773,133922773,chr9:133921773..133922773,0
chr22,23301061,23302061,chr22:23301047..23302061,chr9,133607219,133608219,chr9:133607069..133607993,1
chr22,23303061,23304061,chr22:23303061..23304061,chr9,133609219,133610219,chr9:133609219..133610219,0
chr22,23299061,23300061,chr22:23299061..23300061,chr9,133605219,133606219,chr9:133605219..133606219,0
chr22,23301061,23302061,chr22:23301061..23302061,chr9,133609219,133610219,chr9:133609219..133610219,0
chr22,23299061,23300061,chr22:23299061..23300061,chr9,133607219,133608219,chr9:133607219..133608219,0
chr22,23300954,23301954,chr22:23301059..23301715,chr9,133741276,133742276,chr9:133741498..133742055,1
chr22,23302954,23303954,chr22:23302954..23303954,chr9,133743276,133744276,chr9:133743276..133744276,0
chr22,23298954,23299954,chr22:23298954..23299954,chr9,133739276,133740276,chr9:133739276..133740276,0
chr22,23300954,23301954,chr22:23300954..23301954,chr9,133743276,133744276,chr9:133743276..133744276,0
chr22,23298954,23299954,chr22:23298954..23299954,chr9,133741276,133742276,chr9:133741276..133742276,0
chr22,23301061,23302061,chr22:23301060..23302071,chr9,133873446,133874446,chr9:133873402..133874393,1
chr22,23303061,23304061,chr22:23303061..23304061,chr9,133875446,133876446,chr9:133875446..133876446,0
chr22,23299061,23300061,chr22:23299061..23300061,chr9,133871446,133872446,chr9:133871446..133872446,0
chr22,23301061,23302061,chr22:23301061..23302061,chr9,133875446,133876446,chr9:133875446..133876446,0
chr22,23299061,23300061,chr22:23299061..23300061,chr9,133873446,133874446,chr9:133873446..133874446,0
chr22,23301061,23302061,chr22:23301064..23302052,chr9,133816162,133817162,chr9:133816083..133817399,1
chr22,23303061,23304061,chr22:23303061..23304061,chr9,133818162,133819162,chr9:133818162..133819162,0
chr22,23299061,23300061,chr22:23299061..23300061,chr9,133814162,133815162,chr9:133814162..133815162,0
chr22,23301061,23302061,chr22:23301061..23302061,chr9,133818162,133819162,chr9:133818162..133819162,0
chr22,23299061,23300061,chr22:23299061..23300061,chr9,133816162,133817162,chr9:133816162..133817162,0
chr22,23301061,23302061,chr22:23301094..23302297,chr9,133738562,133739562,chr9:133738458..133739650,1
chr22,23303061,23304061,chr22:23303061..23304061,chr9,133740562,133741562,chr9:133740562..133741562,0
chr22,23299061,23300061,chr22:23299061..23300061,chr9,133736562,133737562,chr9:133736562..133737562,0
chr22,23301061,23302061,chr22:23301061..23302061,chr9,133740562,133741562,chr9:133740562..133741562,0
chr22,23299061,23300061,chr22:23299061..23300061,chr9,133738562,133739562,chr9:133738562..133739562,0
chr22,23470271,23471271,chr22:23470325..23471074,chr9,133873315,133874315,chr9:133873384..133874131,1
chr22,23472271,23473271,chr22:23472271..23473271,chr9,133875315,133876315,chr9:133875315..133876315,0
chr22,23468271,23469271,chr22:23468271..23469271,chr9,133871315,133872315,chr9:133871315..133872315,0
chr22,23470271,23471271,chr22:23470271..23471271,chr9,133875315,133876315,chr9:133875315..133876315,0
chr22,23468271,23469271,chr22:23468271..23469271,chr9,133873315,133874315,chr9:133873315..133874315,0
chr22,23470299,23471299,chr22:23470504..23471287,chr9,133738628,133739628,chr9:133738739..133739577,1
chr22,23472299,23473299,chr22:23472299..23473299,chr9,133740628,133741628,chr9:133740628..133741628,0
chr22,23468299,23469299,chr22:23468299..23469299,chr9,133736628,133737628,chr9:133736628..133737628,0
chr22,23470299,23471299,chr22:23470299..23471299,chr9,133740628,133741628,chr9:133740628..133741628,0
chr22,23468299,23469299,chr22:23468299..23469299,chr9,133738628,133739628,chr9:133738628..133739628,0
chr22,23498414,23499414,chr22:23498644..23499185,chr9,133873209,133874209,chr9:133873411..133873919,1
chr22,23500414,23501414,chr22:23500414..23501414,chr9,133875209,133876209,chr9:133875209..133876209,0
chr22,23496414,23497414,chr22:23496414..23497414,chr9,133871209,133872209,chr9:133871209..133872209,0
chr22,23498414,23499414,chr22:23498414..23499414,chr9,133875209,133876209,chr9:133875209..133876209,0
chr22,23496414,23497414,chr22:23496414..23497414,chr9,133873209,133874209,chr9:133873209..133874209,0
chr22,23515863,23516863,chr22:23515798..23516743,chr9,133738562,133739562,chr9:133738457..133739632,1
chr22,23517863,23518863,chr22:23517863..23518863,chr9,133740562,133741562,chr9:133740562..133741562,0
chr22,23513863,23514863,chr22:23513863..23514863,chr9,133736562,133737562,chr9:133736562..133737562,0
chr22,23515863,23516863,chr22:23515863..23516863,chr9,133740562,133741562,chr9:133740562..133741562,0
chr22,23513863,23514863,chr22:23513863..23514863,chr9,133738562,133739562,chr9:133738562..133739562,0
chr22,23515863,23516863,chr22:23515800..23516842,chr9,133741474,133742474,chr9:133741551..133742398,1
chr22,23517863,23518863,chr22:23517863..23518863,chr9,133743474,133744474,chr9:133743474..133744474,0
chr22,23513863,23514863,chr22:23513863..23514863,chr9,133739474,133740474,chr9:133739474..133740474,0
chr22,23515863,23516863,chr22:23515863..23516863,chr9,133743474,133744474,chr9:133743474..133744474,0
chr22,23513863,23514863,chr22:23513863..23514863,chr9,133741474,133742474,chr9:133741474..133742474,0
chr22,23515863,23516863,chr22:23515809..23516755,chr9,133816149,133817149,chr9:133816194..133817056,1
chr22,23517863,23518863,chr22:23517863..23518863,chr9,133818149,133819149,chr9:133818149..133819149,0
chr22,23513863,23514863,chr22:23513863..23514863,chr9,133814149,133815149,chr9:133814149..133815149,0
chr22,23515863,23516863,chr22:23515863..23516863,chr9,133818149,133819149,chr9:133818149..133819149,0
chr22,23513863,23514863,chr22:23513863..23514863,chr9,133816149,133817149,chr9:133816149..133817149,0
chr22,23515863,23516863,chr22:23515840..23516765,chr9,133873550,133874550,chr9:133873737..133874363,1
chr22,23517863,23518863,chr22:23517863..23518863,chr9,133875550,133876550,chr9:133875550..133876550,0
chr22,23513863,23514863,chr22:23513863..23514863,chr9,133871550,133872550,chr9:133871550..133872550,0
chr22,23515863,23516863,chr22:23515863..23516863,chr9,133875550,133876550,chr9:133875550..133876550,0
chr22,23513863,23514863,chr22:23513863..23514863,chr9,133873550,133874550,chr9:133873550..133874550,0
chr22,23520417,23521417,chr22:23520263..23521248,chr9,133735954,133736954,chr9:133735957..133736953,1
chr22,23522417,23523417,chr22:23522417..23523417,chr9,133737954,133738954,chr9:133737954..133738954,0
chr22,23518417,23519417,chr22:23518417..23519417,chr9,133733954,133734954,chr9:133733954..133734954,0
chr22,23520417,23521417,chr22:23520417..23521417,chr9,133737954,133738954,chr9:133737954..133738954,0
chr22,23518417,23519417,chr22:23518417..23519417,chr9,133735954,133736954,chr9:133735954..133736954,0
chr22,23520451,23521451,chr22:23520292..23521317,chr9,133738562,133739562,chr9:133738584..133739634,1
chr22,23522451,23523451,chr22:23522451..23523451,chr9,133740562,133741562,chr9:133740562..133741562,0
chr22,23518451,23519451,chr22:23518451..23519451,chr9,133736562,133737562,chr9:133736562..133737562,0
chr22,23520451,23521451,chr22:23520451..23521451,chr9,133740562,133741562,chr9:133740562..133741562,0
chr22,23518451,23519451,chr22:23518451..23519451,chr9,133738562,133739562,chr9:133738562..133739562,0
chr22,23520456,23521456,chr22:23520336..23521327,chr9,133646018,133647018,chr9:133646057..133647024,1
chr22,23522456,23523456,chr22:23522456..23523456,chr9,133648018,133649018,chr9:133648018..133649018,0
chr22,23518456,23519456,chr22:23518456..23519456,chr9,133644018,133645018,chr9:133644018..133645018,0
chr22,23520456,23521456,chr22:23520456..23521456,chr9,133648018,133649018,chr9:133648018..133649018,0
chr22,23518456,23519456,chr22:23518456..23519456,chr9,133646018,133647018,chr9:133646018..133647018,0
chr22,23520563,23521563,chr22:23520356..23521778,chr9,133741426,133742426,chr9:133741049..133742733,1
chr22,23522563,23523563,chr22:23522563..23523563,chr9,133743426,133744426,chr9:133743426..133744426,0
chr22,23518563,23519563,chr22:23518563..23519563,chr9,133739426,133740426,chr9:133739426..133740426,0
chr22,23520563,23521563,chr22:23520563..23521563,chr9,133743426,133744426,chr9:133743426..133744426,0
chr22,23518563,23519563,chr22:23518563..23519563,chr9,133741426,133742426,chr9:133741426..133742426,0
chr22,23520469,23521469,chr22:23520400..23521352,chr9,133873395,133874395,chr9:133873402..133874291,1
chr22,23522469,23523469,chr22:23522469..23523469,chr9,133875395,133876395,chr9:133875395..133876395,0
chr22,23518469,23519469,chr22:23518469..23519469,chr9,133871395,133872395,chr9:133871395..133872395,0
chr22,23520469,23521469,chr22:23520469..23521469,chr9,133875395,133876395,chr9:133875395..133876395,0
chr22,23518469,23519469,chr22:23518469..23519469,chr9,133873395,133874395,chr9:133873395..133874395,0
chr22,23520457,23521457,chr22:23520547..23521329,chr9,133816144,133817144,chr9:133815605..133817046,1
chr22,23522457,23523457,chr22:23522457..23523457,chr9,133818144,133819144,chr9:133818144..133819144,0
chr22,23518457,23519457,chr22:23518457..23519457,chr9,133814144,133815144,chr9:133814144..133815144,0
chr22,23520457,23521457,chr22:23520457..23521457,chr9,133818144,133819144,chr9:133818144..133819144,0
chr22,23518457,23519457,chr22:23518457..23519457,chr9,133816144,133817144,chr9:133816144..133817144,0
chr22,23521981,23522981,chr22:23522012..23522748,chr9,133741355,133742355,chr9:133741483..133742228,1
chr22,23523981,23524981,chr22:23523981..23524981,chr9,133743355,133744355,chr9:133743355..133744355,0
chr22,23519981,23520981,chr22:23519981..23520981,chr9,133739355,133740355,chr9:133739355..133740355,0
chr22,23521981,23522981,chr22:23521981..23522981,chr9,133743355,133744355,chr9:133743355..133744355,0
chr22,23519981,23520981,chr22:23519981..23520981,chr9,133741355,133742355,chr9:133741355..133742355,0
chr22,23522326,23523326,chr22:23522764..23523306,chr9,133738426,133739426,chr9:133738661..133739192,1
chr22,23524326,23525326,chr22:23524326..23525326,chr9,133740426,133741426,chr9:133740426..133741426,0
chr22,23520326,23521326,chr22:23520326..23521326,chr9,133736426,133737426,chr9:133736426..133737426,0
chr22,23522326,23523326,chr22:23522326..23523326,chr9,133740426,133741426,chr9:133740426..133741426,0
chr22,23520326,23521326,chr22:23520326..23521326,chr9,133738426,133739426,chr9:133738426..133739426,0
chr22,23631767,23632767,chr22:23631059..23632967,chr9,133607256,133608256,chr9:133606695..133608067,1
chr22,23633767,23634767,chr22:23633767..23634767,chr9,133609256,133610256,chr9:133609256..133610256,0
chr22,23629767,23630767,chr22:23629767..23630767,chr9,133605256,133606256,chr9:133605256..133606256,0
chr22,23631767,23632767,chr22:23631767..23632767,chr9,133609256,133610256,chr9:133609256..133610256,0
chr22,23629767,23630767,chr22:23629767..23630767,chr9,133607256,133608256,chr9:133607256..133608256,0
chr22,46512044,46513044,chr22:46512027..46512895,chr9,98823145,98824145,chr9:98823217..98823802,1
chr22,46514044,46515044,chr22:46514044..46515044,chr9,98825145,98826145,chr9:98825145..98826145,0
chr22,46510044,46511044,chr22:46510044..46511044,chr9,98821145,98822145,chr9:98821145..98822145,0
chr22,46512044,46513044,chr22:46512044..46513044,chr9,98825145,98826145,chr9:98825145..98826145,0
chr22,46510044,46511044,chr22:46510044..46511044,chr9,98823145,98824145,chr9:98823145..98824145,0
chr3,115502859,115503859,chr3:115503087..115503631,chr5,137687952,137688952,chr5:137688174..137688730,1
chr3,115504859,115505859,chr3:115504859..115505859,chr5,137689952,137690952,chr5:137689952..137690952,0
chr3,115500859,115501859,chr3:115500859..115501859,chr5,137685952,137686952,chr5:137685952..137686952,0
chr3,115502859,115503859,chr3:115502859..115503859,chr5,137689952,137690952,chr5:137689952..137690952,0
chr3,115500859,115501859,chr3:115500859..115501859,chr5,137687952,137688952,chr5:137687952..137688952,0
chr4,150931325,150932325,chr4:150931384..150932353,chr6,28739250,28740250,chr6:28739643..28740217,1
chr4,150933325,150934325,chr4:150933325..150934325,chr6,28741250,28742250,chr6:28741250..28742250,0
chr4,150929325,150930325,chr4:150929325..150930325,chr6,28737250,28738250,chr6:28737250..28738250,0
chr4,150931325,150932325,chr4:150931325..150932325,chr6,28741250,28742250,chr6:28741250..28742250,0
chr4,150929325,150930325,chr4:150929325..150930325,chr6,28739250,28740250,chr6:28739250..28740250,0
chr5,50258410,50259410,chr5:50258508..50259166,chr6,37709432,37710432,chr6:37709321..37710259,1
chr5,50260410,50261410,chr5:50260410..50261410,chr6,37711432,37712432,chr6:37711432..37712432,0
chr5,50256410,50257410,chr5:50256410..50257410,chr6,37707432,37708432,chr6:37707432..37708432,0
chr5,50258410,50259410,chr5:50258410..50259410,chr6,37711432,37712432,chr6:37711432..37712432,0
chr5,50256410,50257410,chr5:50256410..50257410,chr6,37709432,37710432,chr6:37709432..37710432,0
chr5,50258462,50259462,chr5:50258702..50259774,chr6,37758858,37759858,chr6:37758614..37759901,1
chr5,50260462,50261462,chr5:50260462..50261462,chr6,37760858,37761858,chr6:37760858..37761858,0
chr5,50256462,50257462,chr5:50256462..50257462,chr6,37756858,37757858,chr6:37756858..37757858,0
chr5,50258462,50259462,chr5:50258462..50259462,chr6,37760858,37761858,chr6:37760858..37761858,0
chr5,50256462,50257462,chr5:50256462..50257462,chr6,37758858,37759858,chr6:37758858..37759858,0
chr5,172571077,172572077,chr5:172571168..172571927,chr6,11496184,11497184,chr6:11496375..11497034,1
chr5,172573077,172574077,chr5:172573077..172574077,chr6,11498184,11499184,chr6:11498184..11499184,0
chr5,172569077,172570077,chr5:172569077..172570077,chr6,11494184,11495184,chr6:11494184..11495184,0
chr5,172571077,172572077,chr5:172571077..172572077,chr6,11498184,11499184,chr6:11498184..11499184,0
chr5,172569077,172570077,chr5:172569077..172570077,chr6,11496184,11497184,chr6:11496184..11497184,0
chr5,139144899,139145899,chr5:139145102..139145696,chrX,102884576,102885576,chrX:102884416..102885396,1
chr5,139146899,139147899,chr5:139146899..139147899,chrX,102886576,102887576,chrX:102886576..102887576,0
chr5,139142899,139143899,chr5:139142899..139143899,chrX,102882576,102883576,chrX:102882576..102883576,0
chr5,139144899,139145899,chr5:139144899..139145899,chrX,102886576,102887576,chrX:102886576..102887576,0
chr5,139142899,139143899,chr5:139142899..139143899,chrX,102884576,102885576,chrX:102884576..102885576,0
chr6,32015587,32016587,chr6:32015575..32016492,chr7,144151226,144152226,chr7:144151300..144151828,1
chr6,32017587,32018587,chr6:32017587..32018587,chr7,144153226,144154226,chr7:144153226..144154226,0
chr6,32013587,32014587,chr6:32013587..32014587,chr7,144149226,144150226,chr7:144149226..144150226,0
chr6,32015587,32016587,chr6:32015587..32016587,chr7,144153226,144154226,chr7:144153226..144154226,0
chr6,32013587,32014587,chr6:32013587..32014587,chr7,144151226,144152226,chr7:144151226..144152226,0
chr6,80444677,80445677,chr6:80444712..80445403,chr8,142396460,142397460,chr8:142396594..142397125,1
chr6,80446677,80447677,chr6:80446677..80447677,chr8,142398460,142399460,chr8:142398460..142399460,0
chr6,80442677,80443677,chr6:80442677..80443677,chr8,142394460,142395460,chr8:142394460..142395460,0
chr6,80444677,80445677,chr6:80444677..80445677,chr8,142398460,142399460,chr8:142398460..142399460,0
chr6,80442677,80443677,chr6:80442677..80443677,chr8,142396460,142397460,chr8:142396460..142397460,0
chr6,30509016,30510016,chr6:30509203..30509877,chr9,137590004,137591004,chr9:137590171..137591001,1
chr6,30511016,30512016,chr6:30511016..30512016,chr9,137592004,137593004,chr9:137592004..137593004,0
chr6,30507016,30508016,chr6:30507016..30508016,chr9,137588004,137589004,chr9:137588004..137589004,0
chr6,30509016,30510016,chr6:30509016..30510016,chr9,137592004,137593004,chr9:137592004..137593004,0
chr6,30507016,30508016,chr6:30507016..30508016,chr9,137590004,137591004,chr9:137590004..137591004,0
chr8,101137724,101138724,chr8:101137556..101138316,chr9,126111821,126112821,chr9:126111841..126112604,1
chr8,101139724,101140724,chr8:101139724..101140724,chr9,126113821,126114821,chr9:126113821..126114821,0
chr8,101135724,101136724,chr8:101135724..101136724,chr9,126109821,126110821,chr9:126109821..126110821,0
chr8,101137724,101138724,chr8:101137724..101138724,chr9,126113821,126114821,chr9:126113821..126114821,0
chr8,101135724,101136724,chr8:101135724..101136724,chr9,126111821,126112821,chr9:126111821..126112821,0
chr9,79186095,79187095,chr9:79186190..79186706,chrX,108297150,108298150,chrX:108297294..108298306,1
chr9,79188095,79189095,chr9:79188095..79189095,chrX,108299150,108300150,chrX:108299150..108300150,0
chr9,79184095,79185095,chr9:79184095..79185095,chrX,108295150,108296150,chrX:108295150..108296150,0
chr9,79186095,79187095,chr9:79186095..79187095,chrX,108299150,108300150,chrX:108299150..108300150,0
chr9,79184095,79185095,chr9:79184095..79185095,chrX,108297150,108298150,chrX:108297150..108298150,0
